timestamp_iso,scenario,mode,fps,face_active,body_active,hands_active
2026-04-26T11:13:41,idle,all,22.93,1,1,0
2026-04-26T11:13:42,idle,all,29.94,1,1,0
2026-04-26T11:13:43,idle,all,30.18,1,1,0
2026-04-26T11:13:44,idle,all,29.70,1,1,0
2026-04-26T11:13:45,idle,all,29.99,1,1,0
2026-04-26T11:13:46,idle,all,29.98,1,1,0
2026-04-26T11:13:47,idle,all,29.98,1,1,0
2026-04-26T11:13:48,idle,all,29.94,1,1,0
2026-04-26T11:13:49,idle,all,30.01,1,1,0
2026-04-26T11:13:50,idle,all,29.97,1,1,0
2026-04-26T11:13:51,idle,all,30.23,1,1,0
2026-04-26T11:13:52,idle,all,28.92,1,1,0
2026-04-26T11:13:53,idle,all,29.98,1,1,0
2026-04-26T11:13:54,idle,all,29.83,1,1,0
2026-04-26T11:13:55,idle,all,29.94,1,1,0
2026-04-26T11:13:56,idle,all,30.19,1,1,0
2026-04-26T11:13:57,idle,all,29.74,1,1,0
2026-04-26T11:13:58,idle,all,30.00,1,1,0
2026-04-26T11:13:59,idle,all,30.18,1,1,0
2026-04-26T11:14:00,idle,all,29.77,1,1,0
2026-04-26T11:14:01,idle,all,30.20,1,1,0
2026-04-26T11:14:02,idle,all,29.95,1,1,0
2026-04-26T11:14:03,idle,all,29.92,1,1,0
2026-04-26T11:14:04,idle,all,29.89,1,1,0
2026-04-26T11:14:05,idle,all,29.92,1,1,1
2026-04-26T11:14:06,idle,all,30.03,1,1,1
2026-04-26T11:14:07,idle,all,29.97,1,1,1
2026-04-26T11:14:08,idle,all,29.98,1,1,1
2026-04-26T11:14:09,idle,all,29.93,1,1,1
2026-04-26T11:14:12,body_moving,all,25.16,1,1,0
2026-04-26T11:14:13,body_moving,all,29.89,1,1,1
2026-04-26T11:14:14,body_moving,all,29.98,1,1,1
2026-04-26T11:14:15,body_moving,all,29.98,1,1,1
2026-04-26T11:14:16,body_moving,all,30.19,1,1,1
2026-04-26T11:14:17,body_moving,all,29.97,1,1,1
2026-04-26T11:14:18,body_moving,all,29.75,1,1,1
2026-04-26T11:14:19,body_moving,all,29.97,1,1,0
2026-04-26T11:14:20,body_moving,all,29.98,1,1,0
2026-04-26T11:14:21,body_moving,all,29.98,1,1,1
2026-04-26T11:14:22,body_moving,all,29.97,1,1,1
2026-04-26T11:14:23,body_moving,all,30.00,1,1,1
2026-04-26T11:14:24,body_moving,all,30.00,1,1,1
2026-04-26T11:14:25,body_moving,all,30.14,1,1,1
2026-04-26T11:14:26,body_moving,all,29.88,1,1,0
2026-04-26T11:14:27,body_moving,all,30.02,1,1,0
2026-04-26T11:14:28,body_moving,all,29.93,1,1,0
2026-04-26T11:14:29,body_moving,all,30.06,1,1,0
2026-04-26T11:14:30,body_moving,all,29.96,1,1,1
2026-04-26T11:14:31,body_moving,all,29.98,1,1,1
2026-04-26T11:14:32,body_moving,all,29.85,1,1,1
2026-04-26T11:14:33,body_moving,all,29.99,1,1,1
2026-04-26T11:14:34,body_moving,all,30.00,1,1,1
2026-04-26T11:14:35,body_moving,all,29.93,1,1,1
2026-04-26T11:14:36,body_moving,all,30.04,1,1,1
2026-04-26T11:14:37,body_moving,all,29.93,1,1,1
2026-04-26T11:14:38,body_moving,all,29.93,1,1,0
2026-04-26T11:14:39,body_moving,all,30.00,1,1,0
2026-04-26T11:14:40,body_moving,all,30.40,0,1,0
2026-04-26T11:14:43,hand_near_face,all,24.26,1,1,0
2026-04-26T11:14:44,hand_near_face,all,29.86,1,1,0
2026-04-26T11:14:45,hand_near_face,all,29.93,1,1,0
2026-04-26T11:14:46,hand_near_face,all,29.99,1,1,0
2026-04-26T11:14:47,hand_near_face,all,29.96,1,1,0
2026-04-26T11:14:48,hand_near_face,all,29.06,1,1,0
2026-04-26T11:14:49,hand_near_face,all,29.97,1,1,1
2026-04-26T11:14:50,hand_near_face,all,29.98,1,1,1
2026-04-26T11:14:51,hand_near_face,all,29.94,1,1,1
2026-04-26T11:14:52,hand_near_face,all,29.99,1,1,1
2026-04-26T11:14:53,hand_near_face,all,30.01,1,1,1
2026-04-26T11:14:54,hand_near_face,all,29.95,1,1,1
2026-04-26T11:14:55,hand_near_face,all,30.01,1,1,1
2026-04-26T11:14:56,hand_near_face,all,29.94,1,1,1
2026-04-26T11:14:57,hand_near_face,all,30.12,1,1,1
2026-04-26T11:14:58,hand_near_face,all,29.86,1,1,1
2026-04-26T11:14:59,hand_near_face,all,30.00,1,1,1
2026-04-26T11:15:00,hand_near_face,all,29.94,1,1,1
2026-04-26T11:15:01,hand_near_face,all,29.98,1,1,1
2026-04-26T11:15:02,hand_near_face,all,29.99,1,1,1
2026-04-26T11:15:03,hand_near_face,all,30.00,1,1,1
2026-04-26T11:15:04,hand_near_face,all,29.95,1,1,1
2026-04-26T11:15:05,hand_near_face,all,29.97,1,1,1
2026-04-26T11:15:06,hand_near_face,all,29.97,1,1,1
2026-04-26T11:15:07,hand_near_face,all,29.99,1,1,1
2026-04-26T11:15:08,hand_near_face,all,30.08,1,1,1
2026-04-26T11:15:09,hand_near_face,all,29.89,1,1,1
2026-04-26T11:15:10,hand_near_face,all,29.97,1,1,1
2026-04-26T11:15:12,hand_near_face,all,29.93,1,1,0
2026-04-26T11:15:14,hand_on_face,all,25.96,1,1,0
2026-04-26T11:15:15,hand_on_face,all,29.92,1,1,0
2026-04-26T11:15:16,hand_on_face,all,30.05,1,1,0
2026-04-26T11:15:17,hand_on_face,all,28.99,1,1,0
2026-04-26T11:15:18,hand_on_face,all,28.97,1,1,0
2026-04-26T11:15:19,hand_on_face,all,29.96,1,1,0
2026-04-26T11:15:20,hand_on_face,all,28.98,1,1,0
2026-04-26T11:15:21,hand_on_face,all,28.93,1,1,0
2026-04-26T11:15:22,hand_on_face,all,29.91,1,1,0
2026-04-26T11:15:23,hand_on_face,all,29.89,1,1,0
2026-04-26T11:15:24,hand_on_face,all,29.96,1,1,0
2026-04-26T11:15:25,hand_on_face,all,28.06,1,1,0
2026-04-26T11:15:26,hand_on_face,all,29.96,1,1,0
2026-04-26T11:15:27,hand_on_face,all,29.98,1,1,0
2026-04-26T11:15:28,hand_on_face,all,29.99,1,1,0
2026-04-26T11:15:29,hand_on_face,all,29.97,1,1,0
2026-04-26T11:15:30,hand_on_face,all,29.97,1,1,0
2026-04-26T11:15:31,hand_on_face,all,29.99,1,1,0
2026-04-26T11:15:32,hand_on_face,all,29.95,1,1,0
2026-04-26T11:15:33,hand_on_face,all,29.99,1,1,0
2026-04-26T11:15:34,hand_on_face,all,29.99,1,1,0
2026-04-26T11:15:35,hand_on_face,all,29.96,1,1,0
2026-04-26T11:15:36,hand_on_face,all,30.03,1,1,0
2026-04-26T11:15:38,hand_on_face,all,29.94,1,1,0
2026-04-26T11:15:39,hand_on_face,all,30.00,1,1,0
2026-04-26T11:15:40,hand_on_face,all,29.97,1,1,0
2026-04-26T11:15:41,hand_on_face,all,29.95,1,1,0
2026-04-26T11:15:42,hand_on_face,all,30.00,1,1,0
2026-04-26T11:15:43,hand_on_face,all,29.96,1,1,0
2026-04-26T11:15:45,idle,body,25.81,0,1,0
2026-04-26T11:15:46,idle,body,29.92,0,1,0
2026-04-26T11:15:47,idle,body,29.97,0,1,0
2026-04-26T11:15:48,idle,body,29.93,0,1,0
2026-04-26T11:15:49,idle,body,30.00,0,1,0
2026-04-26T11:15:50,idle,body,30.01,0,1,0
2026-04-26T11:15:51,idle,body,29.94,0,1,0
2026-04-26T11:15:52,idle,body,30.00,0,1,0
2026-04-26T11:15:53,idle,body,30.13,0,1,0
2026-04-26T11:15:54,idle,body,29.82,0,1,0
2026-04-26T11:15:55,idle,body,29.95,0,1,0
2026-04-26T11:15:57,idle,body,29.98,0,1,0
2026-04-26T11:15:58,idle,body,30.22,0,1,0
2026-04-26T11:15:59,idle,body,28.88,0,1,0
2026-04-26T11:16:00,idle,body,29.99,0,1,0
2026-04-26T11:16:01,idle,body,29.84,0,1,0
2026-04-26T11:16:02,idle,body,30.18,0,1,0
2026-04-26T11:16:03,idle,body,29.84,0,1,0
2026-04-26T11:16:04,idle,body,29.95,0,1,0
2026-04-26T11:16:05,idle,body,29.93,0,1,0
2026-04-26T11:16:06,idle,body,29.96,0,1,0
2026-04-26T11:16:07,idle,body,30.01,0,1,0
2026-04-26T11:16:08,idle,body,29.97,0,1,0
2026-04-26T11:16:09,idle,body,29.97,0,1,0
2026-04-26T11:16:10,idle,body,30.22,0,1,0
2026-04-26T11:16:11,idle,body,29.97,0,1,0
2026-04-26T11:16:12,idle,body,29.78,0,1,0
2026-04-26T11:16:13,idle,body,29.98,0,1,0
2026-04-26T11:16:14,idle,body,29.99,0,1,0
2026-04-26T11:16:17,body_moving,body,24.90,0,1,0
2026-04-26T11:16:18,body_moving,body,29.96,0,1,0
2026-04-26T11:16:19,body_moving,body,29.93,0,1,0
2026-04-26T11:16:20,body_moving,body,29.97,0,1,0
2026-04-26T11:16:21,body_moving,body,30.00,0,1,0
2026-04-26T11:16:22,body_moving,body,29.86,0,1,0
2026-04-26T11:16:23,body_moving,body,29.95,0,1,0
2026-04-26T11:16:24,body_moving,body,29.97,0,1,0
2026-04-26T11:16:25,body_moving,body,29.97,0,1,0
2026-04-26T11:16:26,body_moving,body,29.23,0,1,0
2026-04-26T11:16:27,body_moving,body,29.90,0,1,0
2026-04-26T11:16:28,body_moving,body,29.82,0,1,0
2026-04-26T11:16:29,body_moving,body,29.25,0,1,0
2026-04-26T11:16:30,body_moving,body,29.88,0,1,0
2026-04-26T11:16:31,body_moving,body,30.03,0,1,0
2026-04-26T11:16:32,body_moving,body,29.82,0,1,0
2026-04-26T11:16:33,body_moving,body,30.11,0,1,0
2026-04-26T11:16:34,body_moving,body,29.82,0,1,0
2026-04-26T11:16:35,body_moving,body,30.17,0,1,0
2026-04-26T11:16:36,body_moving,body,29.95,0,1,0
2026-04-26T11:16:37,body_moving,body,30.01,0,1,0
2026-04-26T11:16:38,body_moving,body,29.90,0,1,0
2026-04-26T11:16:39,body_moving,body,29.97,0,1,0
2026-04-26T11:16:40,body_moving,body,29.20,0,1,0
2026-04-26T11:16:41,body_moving,body,29.81,0,1,0
2026-04-26T11:16:42,body_moving,body,30.01,0,1,0
2026-04-26T11:16:43,body_moving,body,28.95,0,1,0
2026-04-26T11:16:44,body_moving,body,29.98,0,1,0
2026-04-26T11:16:45,body_moving,body,29.80,0,1,0
2026-04-26T11:16:48,hand_near_face,body,24.88,0,1,0
2026-04-26T11:16:49,hand_near_face,body,29.82,0,1,0
2026-04-26T11:16:50,hand_near_face,body,30.05,0,1,0
2026-04-26T11:16:51,hand_near_face,body,30.12,0,1,0
2026-04-26T11:16:52,hand_near_face,body,29.92,0,1,0
2026-04-26T11:16:53,hand_near_face,body,29.83,0,1,0
2026-04-26T11:16:54,hand_near_face,body,30.10,0,1,0
2026-04-26T11:16:55,hand_near_face,body,29.85,0,1,0
2026-04-26T11:16:56,hand_near_face,body,30.00,0,1,0
2026-04-26T11:16:57,hand_near_face,body,30.00,0,1,0
2026-04-26T11:16:58,hand_near_face,body,29.98,0,1,0
2026-04-26T11:16:59,hand_near_face,body,29.94,0,1,0
2026-04-26T11:17:00,hand_near_face,body,30.08,0,1,0
2026-04-26T11:17:01,hand_near_face,body,29.86,0,1,0
2026-04-26T11:17:02,hand_near_face,body,30.00,0,1,0
2026-04-26T11:17:03,hand_near_face,body,29.98,0,1,0
2026-04-26T11:17:04,hand_near_face,body,29.98,0,1,0
2026-04-26T11:17:05,hand_near_face,body,30.00,0,1,0
2026-04-26T11:17:06,hand_near_face,body,29.96,0,1,0
2026-04-26T11:17:07,hand_near_face,body,29.96,0,1,0
2026-04-26T11:17:08,hand_near_face,body,30.00,0,1,0
2026-04-26T11:17:09,hand_near_face,body,29.99,0,1,0
2026-04-26T11:17:10,hand_near_face,body,29.96,0,1,0
2026-04-26T11:17:11,hand_near_face,body,29.97,0,1,0
2026-04-26T11:17:12,hand_near_face,body,29.99,0,1,0
2026-04-26T11:17:13,hand_near_face,body,29.97,0,1,0
2026-04-26T11:17:14,hand_near_face,body,29.95,0,1,0
2026-04-26T11:17:15,hand_near_face,body,29.99,0,1,0
2026-04-26T11:17:16,hand_near_face,body,29.96,0,1,0
2026-04-26T11:17:19,hand_on_face,body,23.26,0,1,0
2026-04-26T11:17:20,hand_on_face,body,29.59,0,1,0
2026-04-26T11:17:21,hand_on_face,body,29.99,0,1,0
2026-04-26T11:17:22,hand_on_face,body,29.94,0,1,0
2026-04-26T11:17:23,hand_on_face,body,29.97,0,1,0
2026-04-26T11:17:24,hand_on_face,body,29.83,0,1,0
2026-04-26T11:17:25,hand_on_face,body,29.34,0,1,0
2026-04-26T11:17:26,hand_on_face,body,29.00,0,1,0
2026-04-26T11:17:27,hand_on_face,body,28.99,0,1,0
2026-04-26T11:17:28,hand_on_face,body,28.95,0,1,0
2026-04-26T11:17:29,hand_on_face,body,29.03,0,1,0
2026-04-26T11:17:30,hand_on_face,body,29.98,0,1,0
2026-04-26T11:17:31,hand_on_face,body,28.96,0,1,0
2026-04-26T11:17:32,hand_on_face,body,29.92,0,1,0
2026-04-26T11:17:33,hand_on_face,body,30.03,0,1,0
2026-04-26T11:17:34,hand_on_face,body,29.77,0,1,0
2026-04-26T11:17:35,hand_on_face,body,29.98,0,1,0
2026-04-26T11:17:36,hand_on_face,body,29.97,0,1,0
2026-04-26T11:17:37,hand_on_face,body,29.99,0,1,0
2026-04-26T11:17:38,hand_on_face,body,29.98,0,1,0
2026-04-26T11:17:39,hand_on_face,body,29.95,0,1,0
2026-04-26T11:17:40,hand_on_face,body,30.00,0,1,0
2026-04-26T11:17:41,hand_on_face,body,29.95,0,1,0
2026-04-26T11:17:42,hand_on_face,body,29.99,0,1,0
2026-04-26T11:17:43,hand_on_face,body,29.99,0,1,0
2026-04-26T11:17:44,hand_on_face,body,29.96,0,1,0
2026-04-26T11:17:45,hand_on_face,body,29.96,0,1,0
2026-04-26T11:17:46,hand_on_face,body,30.01,0,1,0
2026-04-26T11:17:47,hand_on_face,body,29.98,0,1,0
2026-04-26T11:19:16,idle,all,20.00,1,1,0
2026-04-26T11:19:17,idle,all,28.93,1,1,0
2026-04-26T11:19:18,idle,all,28.88,1,1,0
2026-04-26T11:19:19,idle,all,28.98,1,1,0
2026-04-26T11:19:20,idle,all,30.05,1,1,1
2026-04-26T11:19:21,idle,all,29.99,1,1,1
2026-04-26T11:19:22,idle,all,29.85,1,1,1
2026-04-26T11:19:23,idle,all,30.01,1,1,1
2026-04-26T11:19:24,idle,all,29.94,1,1,1
2026-04-26T11:19:25,idle,all,29.98,0,1,1
2026-04-26T11:19:26,idle,all,30.00,1,1,1
2026-04-26T11:19:28,idle,all,30.15,0,1,1
2026-04-26T11:19:29,idle,all,29.78,1,1,1
2026-04-26T11:19:30,idle,all,29.95,0,1,1
2026-04-26T11:19:31,idle,all,30.16,1,1,1
2026-04-26T11:19:32,idle,all,29.83,0,1,1
2026-04-26T11:19:33,idle,all,29.98,1,1,1
2026-04-26T11:19:34,idle,all,29.90,1,1,1
2026-04-26T11:19:35,idle,all,30.22,1,1,1
2026-04-26T11:19:36,idle,all,29.75,1,1,1
2026-04-26T11:19:37,idle,all,30.24,1,1,1
2026-04-26T11:19:38,idle,all,29.79,1,1,1
2026-04-26T11:19:39,idle,all,29.98,1,1,0
2026-04-26T11:19:40,idle,all,30.15,1,1,0
2026-04-26T11:19:41,idle,all,29.98,1,1,0
2026-04-26T11:19:42,idle,all,26.99,1,1,0
2026-04-26T11:19:43,idle,all,29.95,1,1,0
2026-04-26T11:19:44,idle,all,29.00,1,1,0
2026-04-26T11:19:45,idle,all,29.95,1,1,0
2026-04-26T11:19:48,body_moving,all,23.93,1,1,0
2026-04-26T11:19:49,body_moving,all,29.86,1,1,0
2026-04-26T11:19:50,body_moving,all,30.02,1,1,0
2026-04-26T11:19:53,hand_near_face,all,22.90,1,1,0
2026-04-26T11:19:54,hand_near_face,all,29.83,1,1,0
2026-04-26T11:19:55,hand_near_face,all,30.09,1,1,0
2026-04-26T11:19:56,hand_near_face,all,29.94,1,1,0
2026-04-26T11:19:57,hand_near_face,all,28.70,1,1,0
2026-04-26T11:19:58,hand_near_face,all,30.35,1,1,1
2026-04-26T11:19:59,hand_near_face,all,29.96,1,1,1
2026-04-26T11:20:00,hand_near_face,all,29.98,0,1,1
2026-04-26T11:20:01,hand_near_face,all,29.97,1,1,1
2026-04-26T11:20:02,hand_near_face,all,29.99,1,1,1
2026-04-26T11:20:03,hand_near_face,all,29.99,0,1,1
2026-04-26T11:20:04,hand_near_face,all,29.97,0,1,1
2026-04-26T11:20:05,hand_near_face,all,29.97,0,1,1
2026-04-26T11:20:06,hand_near_face,all,29.92,1,1,1
2026-04-26T11:20:07,hand_near_face,all,30.04,1,1,1
2026-04-26T11:20:08,hand_near_face,all,29.95,1,1,1
2026-04-26T11:20:09,hand_near_face,all,29.96,1,1,1
2026-04-26T11:20:10,hand_near_face,all,29.03,1,1,1
2026-04-26T11:20:11,hand_near_face,all,29.79,1,1,1
2026-04-26T11:20:12,hand_near_face,all,30.19,1,1,1
2026-04-26T11:20:13,hand_near_face,all,29.98,1,1,1
2026-04-26T11:20:14,hand_near_face,all,29.98,1,1,0
2026-04-26T11:20:15,hand_near_face,all,29.98,1,1,1
2026-04-26T11:20:16,hand_near_face,all,29.98,1,1,1
2026-04-26T11:20:17,hand_near_face,all,28.98,1,1,1
2026-04-26T11:20:18,hand_near_face,all,28.98,0,1,1
2026-04-26T11:20:19,hand_near_face,all,28.98,0,1,1
2026-04-26T11:20:20,hand_near_face,all,28.94,0,1,1
2026-04-26T11:20:21,hand_near_face,all,29.87,0,1,1
2026-04-26T11:20:24,hand_on_face,all,23.92,1,1,1
2026-04-26T11:20:25,hand_on_face,all,28.96,1,1,1
2026-04-26T11:20:26,hand_on_face,all,28.73,1,1,1
2026-04-26T11:20:27,hand_on_face,all,29.98,1,1,1
2026-04-26T11:20:28,hand_on_face,all,30.26,1,1,1
2026-04-26T11:20:29,hand_on_face,all,29.97,1,1,1
2026-04-26T11:20:30,hand_on_face,all,29.98,1,1,1
2026-04-26T11:20:31,hand_on_face,all,29.96,1,1,1
2026-04-26T11:20:32,hand_on_face,all,29.87,1,1,1
2026-04-26T11:20:33,hand_on_face,all,29.99,1,1,1
2026-04-26T11:20:34,hand_on_face,all,30.00,0,1,1
2026-04-26T11:20:35,hand_on_face,all,29.90,1,1,1
2026-04-26T11:20:36,hand_on_face,all,29.96,1,1,1
2026-04-26T11:20:37,hand_on_face,all,30.12,1,1,1
2026-04-26T11:20:38,hand_on_face,all,29.97,1,1,1
2026-04-26T11:20:39,hand_on_face,all,28.95,1,1,1
2026-04-26T11:20:40,hand_on_face,all,28.34,1,1,0
2026-04-26T11:20:41,hand_on_face,all,28.73,1,1,0
2026-04-26T11:20:42,hand_on_face,all,29.84,1,1,0
2026-04-26T11:20:43,hand_on_face,all,30.02,1,1,0
2026-04-26T11:20:44,hand_on_face,all,29.89,1,1,1
2026-04-26T11:20:45,hand_on_face,all,29.17,1,1,1
2026-04-26T11:20:46,hand_on_face,all,29.98,1,1,1
2026-04-26T11:20:47,hand_on_face,all,28.99,1,1,1
2026-04-26T11:20:48,hand_on_face,all,29.86,1,1,1
2026-04-26T11:20:49,hand_on_face,all,29.98,1,1,1
2026-04-26T11:20:50,hand_on_face,all,30.00,1,1,1
2026-04-26T11:20:51,hand_on_face,all,29.90,1,1,1
2026-04-26T11:20:52,hand_on_face,all,29.95,1,1,1
2026-04-26T11:20:55,idle,body,22.91,0,1,0
2026-04-26T11:20:56,idle,body,28.83,0,1,0
2026-04-26T11:20:57,idle,body,30.00,0,1,0
2026-04-26T11:20:58,idle,body,29.92,0,1,0
2026-04-26T11:20:59,idle,body,29.11,0,1,0
2026-04-26T11:21:00,idle,body,29.94,0,1,0
2026-04-26T11:21:01,idle,body,29.43,0,1,0
2026-04-26T11:21:02,idle,body,29.72,0,1,0
2026-04-26T11:21:03,idle,body,29.91,0,1,0
2026-04-26T11:21:04,idle,body,30.04,0,1,0
2026-04-26T11:21:05,idle,body,28.98,0,1,0
2026-04-26T11:21:06,idle,body,28.97,0,1,0
2026-04-26T11:21:07,idle,body,28.98,0,1,0
2026-04-26T11:21:08,idle,body,29.93,0,1,0
2026-04-26T11:21:09,idle,body,29.99,0,1,0
2026-04-26T11:21:10,idle,body,29.90,0,1,0
2026-04-26T11:21:11,idle,body,29.01,0,1,0
2026-04-26T11:21:12,idle,body,30.02,0,1,0
2026-04-26T11:21:13,idle,body,29.97,0,1,0
2026-04-26T11:21:14,idle,body,29.08,0,1,0
2026-04-26T11:21:15,idle,body,27.97,0,1,0
2026-04-26T11:21:16,idle,body,29.96,0,1,0
2026-04-26T11:21:17,idle,body,29.88,0,1,0
2026-04-26T11:21:18,idle,body,29.90,0,1,0
2026-04-26T11:21:19,idle,body,29.97,0,1,0
2026-04-26T11:21:20,idle,body,29.97,0,1,0
2026-04-26T11:21:21,idle,body,29.98,0,1,0
2026-04-26T11:21:22,idle,body,29.98,0,1,0
2026-04-26T11:21:23,idle,body,29.99,0,1,0
2026-04-26T11:21:26,body_moving,body,25.22,0,1,0
2026-04-26T11:21:27,body_moving,body,29.99,0,1,0
2026-04-26T11:21:28,body_moving,body,29.97,0,1,0
2026-04-26T11:21:29,body_moving,body,29.98,0,1,0
2026-04-26T11:21:30,body_moving,body,29.98,0,1,0
2026-04-26T11:21:31,body_moving,body,29.98,0,1,0
2026-04-26T11:21:32,body_moving,body,29.98,0,1,0
2026-04-26T11:21:33,body_moving,body,29.98,0,1,0
2026-04-26T11:21:34,body_moving,body,29.97,0,1,0
2026-04-26T11:21:35,body_moving,body,29.99,0,1,0
2026-04-26T11:21:36,body_moving,body,29.97,0,1,0
2026-04-26T11:21:37,body_moving,body,29.98,0,1,0
2026-04-26T11:21:38,body_moving,body,29.98,0,1,0
2026-04-26T11:21:39,body_moving,body,29.98,0,1,0
2026-04-26T11:21:40,body_moving,body,29.98,0,1,0
2026-04-26T11:21:41,body_moving,body,29.98,0,1,0
2026-04-26T11:21:42,body_moving,body,29.98,0,1,0
2026-04-26T11:21:43,body_moving,body,29.98,0,1,0
2026-04-26T11:21:44,body_moving,body,29.97,0,1,0
2026-04-26T11:21:45,body_moving,body,29.98,0,1,0
2026-04-26T11:21:46,body_moving,body,29.98,0,1,0
2026-04-26T11:21:47,body_moving,body,29.97,0,1,0
2026-04-26T11:21:48,body_moving,body,29.98,0,1,0
2026-04-26T11:21:49,body_moving,body,29.98,0,1,0
2026-04-26T11:21:50,body_moving,body,29.98,0,1,0
2026-04-26T11:21:51,body_moving,body,29.97,0,1,0
2026-04-26T11:21:52,body_moving,body,29.96,0,1,0
2026-04-26T11:21:53,body_moving,body,29.99,0,1,0
2026-04-26T11:21:54,body_moving,body,29.98,0,1,0
2026-04-26T11:21:57,hand_near_face,body,25.21,0,1,0
2026-04-26T11:21:58,hand_near_face,body,29.58,0,1,0
2026-04-26T11:21:59,hand_near_face,body,30.39,0,1,0
2026-04-26T11:22:00,hand_near_face,body,29.58,0,1,0
2026-04-26T11:22:01,hand_near_face,body,30.37,0,1,0
2026-04-26T11:22:02,hand_near_face,body,29.58,0,1,0
2026-04-26T11:22:03,hand_near_face,body,30.13,0,1,0
2026-04-26T11:22:04,hand_near_face,body,29.02,0,1,0
2026-04-26T11:22:05,hand_near_face,body,29.93,0,1,0
2026-04-26T11:22:06,hand_near_face,body,30.03,0,1,0
2026-04-26T11:22:07,hand_near_face,body,29.99,0,1,0
2026-04-26T11:22:08,hand_near_face,body,29.78,0,1,0
2026-04-26T11:22:09,hand_near_face,body,30.16,0,1,0
2026-04-26T11:22:10,hand_near_face,body,29.89,0,1,0
2026-04-26T11:22:11,hand_near_face,body,29.99,0,1,0
2026-04-26T11:22:12,hand_near_face,body,29.84,0,1,0
2026-04-26T11:22:13,hand_near_face,body,30.00,0,1,0
2026-04-26T11:22:14,hand_near_face,body,30.04,0,1,0
2026-04-26T11:22:15,hand_near_face,body,29.90,0,1,0
2026-04-26T11:22:16,hand_near_face,body,29.00,0,1,0
2026-04-26T11:22:17,hand_near_face,body,29.97,0,1,0
2026-04-26T11:22:18,hand_near_face,body,29.98,0,1,0
2026-04-26T11:22:19,hand_near_face,body,29.99,0,1,0
2026-04-26T11:22:20,hand_near_face,body,28.96,0,1,0
2026-04-26T11:22:21,hand_near_face,body,29.99,0,1,0
2026-04-26T11:22:22,hand_near_face,body,29.98,0,1,0
2026-04-26T11:22:23,hand_near_face,body,30.00,0,1,0
2026-04-26T11:22:24,hand_near_face,body,29.97,0,1,0
2026-04-26T11:22:25,hand_near_face,body,30.02,0,1,0
2026-04-26T11:22:28,hand_on_face,body,25.81,0,1,0
2026-04-26T11:22:29,hand_on_face,body,29.94,0,1,0
2026-04-26T11:22:30,hand_on_face,body,29.89,0,1,0
2026-04-26T11:22:31,hand_on_face,body,29.95,0,1,0
2026-04-26T11:22:32,hand_on_face,body,30.18,0,1,0
2026-04-26T11:22:33,hand_on_face,body,29.96,0,1,0
2026-04-26T11:22:34,hand_on_face,body,29.98,0,1,0
2026-04-26T11:22:35,hand_on_face,body,29.80,0,1,0
2026-04-26T11:22:36,hand_on_face,body,29.00,0,1,0
2026-04-26T11:22:37,hand_on_face,body,29.93,0,1,0
2026-04-26T11:22:38,hand_on_face,body,29.06,0,1,0
2026-04-26T11:22:39,hand_on_face,body,29.13,0,1,0
2026-04-26T11:22:40,hand_on_face,body,29.91,0,1,0
2026-04-26T11:22:41,hand_on_face,body,29.89,0,1,0
2026-04-26T11:22:42,hand_on_face,body,30.00,0,1,0
2026-04-26T11:22:43,hand_on_face,body,29.97,0,1,0
2026-04-26T11:22:44,hand_on_face,body,29.96,0,1,0
2026-04-26T11:22:45,hand_on_face,body,29.97,0,1,0
2026-04-26T11:22:46,hand_on_face,body,29.98,0,1,0
2026-04-26T11:22:47,hand_on_face,body,29.98,0,1,0
2026-04-26T11:22:48,hand_on_face,body,30.00,0,1,0
2026-04-26T11:22:49,hand_on_face,body,30.17,0,1,0
2026-04-26T11:22:50,hand_on_face,body,29.75,0,1,0
2026-04-26T11:22:51,hand_on_face,body,29.97,0,1,0
2026-04-26T11:22:52,hand_on_face,body,29.99,0,1,0
2026-04-26T11:22:53,hand_on_face,body,30.00,0,1,0
2026-04-26T11:22:54,hand_on_face,body,29.96,0,1,0
2026-04-26T11:22:55,hand_on_face,body,29.97,0,1,0
2026-04-26T11:22:56,hand_on_face,body,30.15,0,1,0
